Player_ID,PlayerName,PositionID
1001,A.J. Brown,8004
1002,A.J. Green,8004
1003,Aaron Jones,8003
1003,Aaron Jones Sr.,8003
1004,Aaron Rodgers,8002
1005,Adam Thielen,8004
1006,Adam Trautman,8005
1007,Adam Vinatieri,8099
1008,Adrian Peterson,8003
1009,A.J. Dillon,
1009,AJ Dillon,8003
1010,Albert Okwuegbunam,8005
1011,Albert Wilson,8004
1012,Alex Collins,8003
1013,Alex Smith,8002
1014,Alexander Mattison,8003
1015,Allen Hurns,8004
1016,Allen Lazard,8004
1017,Allen Robinson,8004
1018,Alshon Jeffery,8004
1019,Alvin Kamara,8003
1020,Amari Cooper,8004
1021,Amon-Ra St. Brown,8004
1022,Andrew Luck,8002
1023,Andy Isabella,8004
1024,Anthony Miller,8004
1025,Anthony Richardson,8002
1025,Anthony Richardson Sr.,8002
1026,Antonio Brown,8004
1027,Antonio Gibson,8003
1028,Austin Ekeler,8003
1029,Austin Hooper,8005
1030,Baker Mayfield,8002
1031,Baltimore Ravens,8006
1031,Ravens D/ST,8006
1032,Ben Roethlisberger,8002
1033,Bijan Robinson,8003
1034,Blake Bortles,8002
1035,Blake Jarwin,8005
1036,Boston Scott,8003
1037,Brandin Cooks,8004
1038,Brandon Aiyuk,8004
1039,Breece Hall,8003
1040,Brett Maher,8099
1041,Brian Robinson Jr.,8003
1041,Brian Robinson,8003
1042,Brock Purdy,8002
1043,Bryce Love,8003
1044,Bryce Young,8002
1045,Bills D/ST,8006
1045,Buffalo Bills,8006
1046,Byron Pringle,8004
1047,C.J. Anderson,8003
1048,C.J. Stroud,8002
1049,Calvin Ridley,8004
1050,Cam Akers,8003
1051,Cam Newton,8002
1052,Cameron Meredith,8004
1053,Carlos Hyde,8003
1054,Carolina Panthers,8006
1055,Carson Wentz,8002
1056,CeeDee Lamb,8004
1057,Charles Clay,8005
1058,Chase Claypool,8004
1059,Chase Edmonds,8003
1060,Bears D/ST,8006
1060,Chicago Bears,8006
1061,Chig Okonkwo,
1061,Chigoziem Okonkwo,8005
1062,Chris Carson,8003
1063,Chris Godwin,8004
1064,Chris Hogan,8004
1065,Chris Olave,8004
1066,Chris Thompson,8003
1067,Christian Kirk,8004
1068,Christian McCaffrey,8003
1069,Christian Watson,8004
1070,Cleveland Browns,8006
1071,Clyde Edwards-Helaire,8003
1072,Cody Parkey,8099
1073,Cole Kmet,8005
1074,Cooper Kupp,8004
1075,Cordarrelle Patterson,8003
1076,Corey Clement,8003
1077,Corey Davis,8004
1078,Courtland Sutton,8004
1079,Curtis Samuel,8004
1080,D.J. Chark Jr.,8004
1080,DJ Chark,8004
1080,D.J. Chark,8004
1081,D.J. Moore,8004
1082,D'Andre Swift,8003
1083,D'Onta Foreman,8003
1084,DaeSean Hamilton,8004
1085,Dak Prescott,8002
1086,Dallas Cowboys,8006
1087,Dallas Goedert,8005
1088,Dalton Kincaid,8005
1089,Dalton Schultz,8005
1090,Dalvin Cook,8003
1091,Damarea Crockett,8003
1092,Dameon Pierce,8003
1093,Damien Harris,8003
1094,Dan Bailey,8099
1095,Daniel Jones,8002
1096,Dante Pettis,8004
1097,Darius Slayton,8004
1098,Darnell Mooney,8004
1099,Darrell Henderson,8003
1099,Darrell Henderson Jr.,8003
1100,Darren Waller,8005
1101,Davante Adams,8004
1102,David Johnson,8003
1103,David Montgomery,8004
1104,David Moore,8004
1105,David Njoku,8005
1106,De'Von Achane,8003
1107,DeAndre Hopkins,8004
1108,Dede Westbrook,8004
1109,Deebo Samuel,8004
1109,Deebo Samuel Sr.,8002
1110,Delanie Walker,8005
1111,Demaryius Thomas,8004
1112,Broncos D/ST,8006
1112,Denver Broncos,8006
1113,Derek Carr,8002
1114,Derrick Henry,8003
1115,Derrius Guice,8003
1116,DeSean Jackson,8004
1117,Deshaun Watson,8002
1118,Desmond Ridder,8002
1119,Deuce Vaughn,8003
1120,DeVante Parker,8004
1121,Devin Funchess,8004
1122,Devin Singletary,8003
1123,Devonta Freeman,8003
1124,DeVonta Smith,8004
1125,Devontae Booker,8003
1126,Dion Lewis,8003
1127,Diontae Johnson,8004
1128,DK Metcalf,8004
1129,Donte Moncrief,8004
1130,Doug Baldwin,8004
1131,Doug Martin,8003
1132,Drake London,8004
1133,Drew Brees,8002
1134,Drew Lock,8002
1135,Duke Johnson,8003
1136,Elijah McGuire,8003
1137,Elijah Moore,8004
1138,Emmanuel Sanders,8004
1139,Eric Ebron,8005
1140,Evan Engram,8005
1141,Ezekiel Elliott,8003
1142,Frank Gore,8003
1143,Gabe Davis,
1143,Gabriel Davis,8004
1144,Gardner Minshew,8002
1145,Garrett Wilson,8004
1146,George Kittle,8005
1147,George Pickens,8004
1148,Gerald Everett,8005
1149,Geronimo Allison,8004
1150,Giovani Bernard,8003
1151,Golden Tate,8004
1152,Graham Gano,8099
1153,Green Bay Packers,8006
1153,Packers D/ST,8006
1154,Greg Dulcich,8005
1155,Greg Olsen,8005
1156,Greg Zuerlein,8099
1157,Gus Edwards,8003
1158,Harrison Butker,8099
1159,Hassan Haskins,8003
1160,Hayden Hurst,8005
1161,Henry Ruggs,8004
1162,Houston Texans,8006
1162,Texans D/ST,8006
1163,Hunter Henry,8005
1164,Ian Thomas,8005
1165,Colts D/ST,8006
1165,Indianapolis Colts,8006
1166,Irv Smith Jr,8005
1166,Irv Smith Jr.,8005
1168,Isaiah Crowell,8003
1169,Isaiah Spiller,8003
1170,Isiah Pacheco,8003
1171,J.D. McKissic,8003
1172,J.K. Dobbins,8003
1173,Ja'Marr Chase,8004
1174,Jack Doyle,8005
1175,Jacksonville Jaguars,8006
1176,Jahan Dotson,8004
1177,Jahmyr Gibbs,8003
1178,Jake Elliott,8099
1179,Jake Kumerow,8004
1180,Jakobi Meyers,8004
1181,Jalen Hurd,8004
1182,Jalen Hurts,8002
1183,Jalen Reagor,8004
1184,Jamaal Williams,8003
1185,Jameis Winston,8002
1186,James Conner,8003
1187,James Cook,8003
1188,James Robinson,8003
1189,James Washington,8004
1190,James White,8003
1191,Jameson Williams,8004
1192,Jamison Crowder,8004
1193,Jared Cook,8005
1194,Jared Goff,8002
1195,Jarvis Landry,8004
1196,Jason Myers,8099
1197,Jason Sanders,8099
1198,Javonte Williams,8003
1199,Javorius Allen,8003
1200,Jaxon Smith-Njigba,8004
1201,Jay Ajayi,8003
1202,Jaylen Samuels,8003
1203,Jaylen Waddle,8004
1204,Jeremy Hill,8003
1205,Jerick McKinnon,8003
1206,Jerry Jeudy,8004
1207,Jimmy Garoppolo,8002
1208,Jimmy Graham,8005
1209,Joe Burrow,8002
1210,Joe Mixon,8003
1211,John Brown,8004
1212,John Kelly,8003
1213,John Ross,8004
1214,Jonathan Mingo,8004
1215,Jonathan Stewart,8003
1216,Jonathan Taylor,8003
1217,Jonnu Smith,8005
1218,Jordan Addison,8004
1219,Jordan Howard,8003
1220,Jordan Love,8002
1221,Jordan Reed,8005
1222,Jordan Wilkins,8003
1223,Jordy Nelson,8004
1224,Josh Allen,8002
1225,Josh Doctson,8004
1226,Josh Gordon,8004
1227,Josh Jacobs,8003
1228,Joshua Kelley,8003
1229,JuJu Smith-Schuster,8004
1230,Julian Edelman,8004
1231,Julio Jones,8004
1232,Justin Fields,8002
1233,Justin Herbert,8002
1234,Justin Jackson,8003
1235,Justin Jefferson,8004
1236,Justin Tucker,8099
1237,Juwan Johnson,8005
1238,Ka'imi Fairbairn,8099
1239,Kadarius Toney,8004
1240,Kalen Ballage,8003
1241,Chiefs D/ST,8006
1241,Kansas City Chiefs,8006
1242,Kareem Hunt,8003
1243,Keenan Allen,8004
1244,Keke Coutee,8004
1245,Kelvin Benjamin,8004
1246,Kenneth Gainwell,8003
1247,Kenneth Walker,8003
1247,Kenneth Walker,8003
1247,Kenneth Walker III,8003
1248,Kenny Golladay,8004
1249,Kenny Pickett,8002
1250,Kenny Stills,8004
1251,Kenyan Drake,8003
1252,Kerryon Johnson,8003
1253,Khalil Herbert,8003
1254,Kirk Cousins,8002
1255,Kyle Pitts,8005
1256,Kyle Rudolph,8005
1257,Kyler Murray,8002
1258,Lamar Jackson,8002
1259,Lamar Miller,8003
1260,Larry Fitzgerald,8004
1261,Latavius Murray,8003
1262,Laviska Shenault,8004
1263,Le'Veon Bell,8003
1264,Leonard Fournette,8003
1265,LeSean McCoy,8003
1266,Logan Thomas,8005
1267,Chargers D/ST,8006
1267,Los Angeles Chargers,8006
1268,Los Angeles Rams,8006
1268,Rams D/ST,8006
1269,Lynn Bowden,8003
1270,Mac Jones,8002
1271,Malcolm Brown,8003
1272,Marcus Mariota,8002
1273,Mark Andrews,8005
1274,Mark Ingram,8003
1275,Marlon Mack,8003
1276,Marqise Lee,8004
1277,Marquez Valdes-Scantling,8004
1278,Hollywood Brown,
1278,Marquise Brown,8004
1279,Marquise Goodwin,8004
1280,Marshawn Lynch,8003
1281,Martavis Bryant,8004
1282,Marvin Jones,8004
1283,Mason Crosby,8099
1284,Matt Breida,8003
1285,Matt Bryant,8099
1286,Matt Prater,8099
1287,Matt Ryan,8002
1288,Matthew Stafford,8002
1289,Mecole Def,8004
1290,Mecole Hardman,8004
1291,Melvin Gordon,8003
1292,Dolphins D/ST,8006
1292,Miami Dolphins,8006
1293,Michael Carter,8003
1294,Michael Crabtree,8004
1295,Michael Gallup,8004
1296,Michael Pittman,8004
1296,Michael Pittman Jr.,8004
1297,Michael Thomas,8004
1298,Mike Boone,8003
1299,Mike Davis,8003
1300,Mike Evans,8004
1301,Mike Gesicki,8005
1302,Mike Williams,8004
1303,Miles Sanders,8003
1304,Minnesota Vikings,8006
1304,Vikings D/ST,8006
1305,Mitchell Trubisky,8002
1306,N'Keal Harry,8004
1307,Najee Harris,8003
1308,Nelson Agholor,8004
1309,New England Patriots,8006
1309,Patriots D/ST,8006
1310,New Orleans Saints,8006
1311,Jets D/ST,8006
1311,New York Jets,8006
1312,Nick Chubb,8003
1313,Nico Collins,8004
1314,Noah Fant,8005
1315,Nyheim Hines,8003
1316,O.J. Howard,8005
1317,Odell Beckham Jr.,8004
1318,Parris Campbell,8004
1319,Pat Freiermuth,8005
1320,Patrick Mahomes,8002
1320,Patrick Mahomes II,8002
1321,Paul Richardson,8004
1322,Peyton Barber,8003
1323,Eagles D/ST,8006
1323,Philadelphia Eagles,8006
1324,Philip Rivers,8002
1325,Phillip Lindsay,8003
1326,Pierre Garcon,8004
1327,Pittsburgh Steelers,8006
1327,Steelers D/ST,8006
1328,Puka Nacua,8004
1329,Quentin Johnston,8004
1330,Rachaad White,8003
1331,Raheem Mostert,8003
1332,Randall Cobb,8004
1333,Rashaad Penny,8003
1334,Rashod Bateman,8004
1335,Rex Burkhead,8003
1336,Rhamondre Stevenson,8003
1337,Rishard Matthews,8004
1338,Rob Gronkowski,8005
1339,Robbie Gould,8099
1340,Robby Anderson,8004
1341,Robert Tonyan,8005
1342,Robert Woods,8004
1343,Romeo Doubs,8004
1344,Ronald Jones,8003
1345,Rondale Moore,8004
1346,Royce Freeman,8003
1347,Russell Gage,8004
1348,Russell Wilson,8002
1349,Ryan Fitzpatrick,8002
1350,Ryan Tannehill,8002
1351,Sam Darnold,8002
1352,Sam Howell,8002
1353,Sam LaPorta,8005
1354,Samaje Perine,8003
1355,Sammy Watkins,8004
1356,49ers D/ST,8006
1356,San Francisco 49ers,8006
1357,Saquon Barkley,8003
1358,Seahawks D/ST,8006
1358,Seattle Seahawks,8006
1359,Skyy Moore,8004
1360,Sony Michel,8003
1361,Stefon Diggs,8004
1362,Stephen Gostkowski,8099
1363,Sterling Shepard,8004
1364,T.J. Hockenson,8005
1365,T.Y. Hilton,8004
1366,Buccaneers D/ST,8006
1366,Tampa Bay Buccaneers,8006
1367,Tank Bigsby,8003
1368,Tarik Cohen,8003
1369,Taysom Hill,8002
1370,Taywan Taylor,8004
1371,Teddy Bridgewater,8002
1372,Tee Higgins,8004
1373,Tennessee Titans,8006
1374,Terry McLaurin,8004
1375,Tevin Coleman,8003
1376,Theo Riddick,8003
1377,Todd Gurley,8003
1378,Tom Brady,8002
1379,Tony Pollard,8003
1380,Travis Etienne,8003
1380,Travis Etienne Jr.,8003
1381,Travis Kelce,8005
1382,Tre'Quan Smith,8004
1383,Trent Taylor,8004
1384,Trevor Lawrence,8002
1385,Trey Burton,8005
1386,Trey Lance,8002
1387,Trey Sermon,8003
1388,Treylon Burks,8004
1389,Tua Tagovailoa,8002
1390,Ty Montgomery,8003
1391,Tyler Boyd,8004
1392,Tyler Higbee,8005
1393,Tyler Lockett,8004
1394,Tyreek Hill,8004
1395,Tyrell Williams,8004
1396,Tyrod Taylor,8002
1397,Vance McDonald,8005
1398,Washington Commanders,8006
1400,Wil Lutz,8099
1401,Will Fuller,8004
1402,Xavier Jones,8003
1403,Zach Charbonnet,8003
1404,Zach Ertz,8005
1405,Zach Wilson,8002
1406,Zack Moss,8003
1407,Zay Flowers,8004
1408,Marvin Harrison Jr.,8004
1409,A.T. Perry,8005
1410,Adonai Mitchell,8004
1411,Aidan O'Connell,8002
1412,Ainias Smith,8099
1413,Alec Ingold,8004
1414,Alec Pierce,8004
1415,Ameer Abdullah,8003
1416,Anders Carlson,
1417,Andrei Iosivas,8005
1418,Arizona Cardinals,8006
1418,Cardinals D/ST,8006
1419,Atlanta Falcons,8006
1420,Audric Estimé,8004
1421,Ben Sinnott,8004
1422,Blake Corum,8005
1423,Blake Grupe,
1424,Bo Nix,8002
1425,Braelon Allen,8003
1426,Brandon Aubrey,8005
1427,Brandon McManus,8099
1428,Brandon Powell,8003
1429,Braxton Berrios,8004
1430,Brian Thomas Jr.,8004
1432,Bucky Irving,8005
1433,Cade Otton,8004
1434,Cairo Santos,8099
1435,Caleb Williams,8002
1436,Calvin Austin,8004
1436,Calvin Austin,8004
1436,Calvin Austin,8004
1436,Calvin Austin III,8004
1437,Cameron Dicker,
1438,Cedric Tillman,8004
1439,Cedrick Wilson,8004
1440,Chase Brown,8003
1441,Chase McLaughlin,8003
1442,Chris Boswell,8004
1443,Chris Rodriguez,8004
1444,Chuba Hubbard,8003
1445,Cincinnati Bengals,8006
1446,Colby Parkinson,8003
1447,Craig Reynolds,8002
1448,D'Ernest Johnson,8005
1449,Daniel Bellinger,8004
1450,Daniel Carlson,
1451,Dawson Knox,8005
1452,Demarcus Robinson,8003
1453,Demario Douglas,8002
1454,Detroit Lions,8006
1454,Lions D/ST,8006
1455,Devaughn Vele,8004
1456,Devin Duvernay,8005
1457,Devontez Walker,8004
1458,DJ Moore,8003
1459,Donovan Peoples-Jones,8003
1460,Dontayvion Wicks,8003
1461,Drake Maye,8002
1462,Dustin Hopkins,8099
1463,Dylan Laube,8004
1464,Eddy Piñeiro,8002
1465,Elijah Mitchell,8004
1466,Emari Demercado,8003
1467,Eric Gray,8003
1468,Evan Hull,8002
1469,Evan McPherson,
1470,Geno Smith,8002
1471,Greg Dortch,8005
1472,Greg Joseph,8004
1473,Hunter Renfrow,8004
1474,Isaac Guerendo,8003
1475,Isaiah Davis,8003
1476,Isaiah Likely,8003
1477,Israel Abanikanda,8002
1478,J.J. McCarthy,8002
1479,Ja'Lynn Polk,8004
1480,Ja'Tavion Sanders,8004
1481,Jacoby Brissett,8002
1482,Jake Bobo,8004
1483,Jake Browning,8002
1484,Jake Ferguson,8005
1485,Jake Moody,8099
1486,Jaleel McLaughlin,
1487,Jalen McMillan,8004
1488,Jalen Tolbert,8002
1489,Jalin Hyatt,8003
1490,Jauan Jennings,8003
1491,Javon Baker,8005
1492,Jayden Daniels,8003
1493,Jayden Reed,8002
1494,Jaylen Warren,8003
1495,Jaylen Wright,8004
1496,Jelani Woods,8004
1497,Jermaine Burton,8004
1498,Jerome Ford,8004
1499,Joe Flacco,8002
1500,Joey Slye,8099
1501,Jonathon Brooks,8004
1502,Jordan Mason,8003
1503,Josh Downs,8002
1504,Josh Reynolds,8004
1505,Joshua Karty,
1506,Josh Palmer,8004
1507,Justice Hill,8003
1508,Justin Watson,8004
1509,K.J. Osborn,8004
1510,Kalif Raymond,8004
1511,KaVontae Turpin,8005
1512,Keaton Mitchell,8005
1513,Kendre Miller,8002
1514,Kendrick Bourne,8004
1515,Keon Coleman,8003
1516,KhaDarel Hodge,8003
1517,Khalil Shakir,8004
1518,Kimani Vidal,8004
1519,Kyle Juszczyk,8007
1520,Kylen Granson,8003
1521,Kyren Williams,8003
1522,Ladd McConkey,8003
1523,Giants D/ST,8006
1523,New York Giants,8006
1524,Las Vegas Raiders,8006
1525,Luke McCaffrey,8002
1526,Luke Musgrave,8005
1527,Mack Hollins,8004
1528,Malachi Corley,8003
1529,Malik Nabers,8004
1530,Malik Washington,8005
1531,MarShawn Lloyd,8003
1532,Marvin Mims Jr.,8004
1533,Matt Gay,
1534,Michael Badgley,
1535,Michael Mayer,8004
1536,Michael Penix,8002
1536,Michael Penix Jr.,8002
1537,Michael Wilson,8004
1538,Nick Folk,8099
1539,Noah Brown,8005
1540,Noah Gray,8003
1541,Parker Washington,8004
1542,Pierre Strong,8005
1542,Pierre Strong Jr.,8005
1543,Rashee Rice,8004
1544,Rasheen Ali,8004
1545,Rashid Shaheed,8002
1546,Ray Davis,8004
1547,Ray-Ray McCloud,8003
1547,Ray-Ray McCloud III,
1548,Ricky Pearsall,8003
1549,Rico Dowdle,8003
1550,Roman Wilson,8003
1551,Rome Odunze,8004
1552,Roschon Johnson,8004
1553,Ryan Flournoy,
1554,Tank Dell,8003
1555,Tanner Hudson,
1556,Theo Johnson,8003
1557,Tim Patrick,8004
1558,Tommy Tremble,8005
1559,Trayveon Williams,8003
1560,Tre Tucker,8005
1561,Trent Sherfield,8004
1562,Trenton Irwin,8004
1563,Trey Benson,8002
1564,Trey McBride,8003
1565,Trey Palmer,8004
1566,Troy Franklin,8004
1567,Tucker Kraft,8003
1568,Tutu Atwell,8005
1569,Ty Chandler,8005
1570,Ty Johnson,8004
1571,Tyjae Spears,8003
1572,Tyler Allgeier,8004
1573,Tyler Bass,8003
1574,Tyler Conklin,8003
1575,Tyrone Tracy,8002
1575,Tyrone Tracy Jr.,8002
1576,Van Jefferson,8005
1577,Wan'Dale Robinson,8003
1578,Will Dissly,8004
1579,Will Levis,8005
1580,Will Shipley,8004
1581,Xavier Gipson,8004
1582,Xavier Legette,8003
1583,Xavier Worthy,8003
1584,Younghoe Koo,8099
1585,Zamir White,8004
1586,Zay Jones,8004
1587,Brenden Rice,
1588,Tyler Scott,
1589,Ronnie Rivers,
1590,Nick Westbrook-Ikhine,8004
1591,Mo Alie-Cox,8005
1592,Lawrence Cager,
1593,Josh Oliver,
1594,Johnny Mundt,
1595,Jeff Wilson,
1596,Isaiah Hodgins,
1597,Foster Moreau,8005
1598,Durham Smythe,
1599,Drew Ogletree,
1600,Donald Par,
1601,Davis Allen,
1602,Brock Wright,
1603,Brevin Jordan,
1604,Brandon Johnson,
1605,Bo Melton,
1606,Quez Watkins,
1607,Emani Bailey,
1608,Jase McClellan,
1609,Kendall Milton,
1610,Alex Erickson,
1611,Andrew Beck,
1612,Andrew Ogletree,
1613,Andy Dalton,8002
1614,Austin Trammell,
1615,Bailey Zappe,8002
1616,Ben Sims,
1617,Ben Skowronek,
1618,Blaine Gabbert,8002
1619,Blake Bell,
1620,Brandon Bolden,8004
1621,Brenton Strange,
1622,Brett Rypien,8002
1623,Brian Hoyer,8002
1624,Britain Covey,
1625,Brock Bowers,8003
1626,Brycen Hopkins,
1627,C.J. Beathard,8002
1628,C.J. Ham,
1629,C.J. Uzomah,8005
1630,Case Keenum,8002
1631,Charlie Jones,
1632,Charlie Kolar,
1633,Chris Brooks,
1634,Chris Conley,
1635,Chris Moore,
1636,Clayton Tune,8002
1637,Cole Turner,
1638,Connor Heyward,
1639,Cooper Rush,8002
1640,D.J. Montgomery,
1641,Damien Williams,8003
1642,Dare Ogunbowale,
1643,Darnell Washington,
1644,Darrynton Evans,
1645,David Bell,
1646,Davis Mills,8002
1647,DeAndre Carter,
1648,DeeJay Dallas,8003
1649,Deon Jackson,
1650,Deonte Harty,
1651,Derius Davis,
1652,Deven Thompkins,
1653,Donald Parham,
1653,Donald Parham Jr.,
1654,Dorian Thompson-Robinson,
1655,Drew Sample,
1656,Dyami Brown,
1657,Easton Stick,8002
1658,Elijah Cooks,
1659,Elijah Higgins,
1660,Emanuel Wilson,
1661,Equanimeous St. Brown,8004
1662,Gary Brightwell,
1663,Geoff Swaim,
1664,Grant Calcaterra,
1665,Harrison Bryant,
1666,Hunter Luepke,
1667,Ihmir Smith-Marsette,
1668,Isaiah McKenzie,
1669,Jack Stoll,
1670,Jalen Brooks,
1671,Jalen Guyton,
1672,Jamal Agnew,
1673,Jaren Hall,
1674,Jarrett Stidham,
1675,Jason Brownlee,
1676,Jeff Driskel,
1677,Jeffery Wilson,
1678,Jeremy Ruckert,
1679,John Bates,
1680,John Metchie,
1680,John Metchie III,
1681,Jordan Akins,
1683,Josh Whyle,
1684,Joshua Dobbs,8002
1685,Josiah Deguara,
1686,Julian Hill,
1687,Justyn Ross,
1688,Ke'Shawn Vaughn,
1689,Keaontay Ingram,
1690,Keelan Doss,
1691,Keith Kirkwood,
1692,Kevin Harris,
1693,Khari Blasingame,
1694,Kyle Allen,
1695,Kyle Philips,
1696,Lamical Perine,
1697,Lil'Jordan Humphrey,
1698,Lucas Krull,
1699,Luke Farrell,
1700,Luke Schoonmaker,
1701,Malik Heath,
1702,Marcedes Lewis,8005
1703,Mason Rudolph,8002
1704,Mike White,8002
1705,Mitchell Wilcox,
1706,MyCole Pruitt,
1707,Nick Bawden,
1708,Nick Mullens,
1709,Olamide Zaccheaus,8004
1710,P.J. Walker,8002
1711,Patrick Ricard,
1712,Patrick Taylor,
1713,Payne Durham,
1714,Peyton Hendershot,
1715,Pharaoh Brown,8005
1717,Quintin Morris,
1718,Raheem Blackshear,
1719,Rakim Jarrett,
1720,Richie James,
1721,River Cracraft,8004
1722,Robbie Chosen,
1723,Ronnie Bell,
1724,Salvon Ahmed,8003
1725,Samori Toure,
1726,Scotty Miller,
1727,Sean Tucker,
1728,Stephen Sullivan,
1729,Stone Smartt,
1730,Taylor Heinicke,8002
1731,Terrace Marshall,
1732,Tim Boyle,
1733,Tim Jones,
1734,Tommy DeVito,8002
1735,Tony Jones,
1736,Trevor Siemian,8002
1737,Tyler Goodson,
1738,Tyler Huntley,
1739,Tyquan Thornton,
1740,Tyson Bagent,
1741,Velus Jones,
1742,Will Mallory,
1743,Xavier Hutchinson,
1744,Eno Benjamin,8003
1745,JaMycal Hasty,
1746,Dontrell Hilliard,
1747,Zonovan Knight,
1748,Shi Smith,
1749,Kendall Hinton,
1750,Caleb Huntley,
1751,Robbie Anderson,
1752,Colt McCoy,8002
1753,Phillip Dorsett,8004
1754,Damiere Byrd,
1755,Travis Homer,8003
1756,Scott Miller,
1757,Ashton Dulin,
1758,Avery Williams,
1759,Cameron Brate,
1760,Steven Sims,
1761,Marquez Callaway,
1762,Malik Davis,
1763,Malik Willis,
1764,Zach Pascal,
1765,Amari Rodgers,8004
1766,Eric Saubert,
1767,Shane Zylstra,
1768,Denzel Mims,
1769,Zach Gentry,
1770,Sam Ehlinger,8002
1771,Keelan Cole,
1772,KJ Hamler,
1773,Jody Fortson,
1774,John Wolford,8002
1775,James Mitchell,
1776,Jonathan Williams,
1777,Skylar Thompson,
1778,Bryce Perkins,
1779,Dan Arnold,
1780,Tom Kennedy,
1781,Trace McSorley,
1782,Darrel Williams,
1783,David Sills,
1784,Jeff Smith,
1785,Jalen Nailor,
1786,Breshad Perriman,8004
1787,Michael Bandy,
1788,Benny Snell,
1789,Eric Tomlinson,
1790,Ko Kieft,
1791,Reggie Gilliam,
1792,Giovanni Ricci,
1793,Anthony Schwartz,
1794,Dax Milne,
1795,Ross Dwelley,
1796,Tre' McKitty,
1797,Cam Sims,
1798,Anthony Firkser,
1799,Chris Myarick,
1800,Parker Hesse,
1801,Kene Nwangwu,
1802,D'Wayne Eskridge,8004
1803,David Blough,8002
1804,Armani Rogers,
1805,Zander Horvath,
1806,Gunner Olszewski,
1807,Trestan Ebner,
1808,Teagan Quitoriano,
1809,James Proche,
1810,Jalen Virgil,
1811,Derek Watt,
1812,Marcus Johnson,
1813,Chris Evans,
1814,Julius Chestnut,
1815,Chris Streveler,
1816,Tyrion Davis-Price,
1817,Montrell Washington,
1818,Myles Gaskin,8003
1819,Chris Manhertz,
1820,Laquon Treadwell,
1821,Andre Baccellia,
1822,Tyler Kroft,
1823,Snoop Conner,
1824,Cole Beasley,8004
1825,Kevin White,
1826,Mike Strachan,
1827,Spencer Brown,
1828,Nick Foles,8002
1829,Cody Hollister,
1830,Jaelon Darden,
1831,Dwayne Washington,
1832,Nick Vannett,
1833,Michael Woods,
1833,Michael Woods,
1833,Michael Woods,
1834,Anthony McFarland,
1835,Wayne Gallman,8003
1836,Greg Ward,
1837,Rashard Higgins,
1838,Travis Fulgham,
1839,Brian Hill,
1840,Danny Amendola,8004
1841,Dwayne Haskins,
1842,Willie Snead,
1843,Jakeem Grant,
1844,Tyler Eifert,8005
1845,Tyron Johnson,
1846,Mike Glennon,8002
1847,Chris Herndon,
1848,Darren Fells,
1849,Richard Rodgers,
1850,Ito Smith,8003
1851,Preston Williams,
1852,Quintez Cephus,
1853,Brandon Allen,
1854,Miles Boykin,
1855,Marvin Hall,
1856,Jacob Hollister,
1857,Isaiah Ford,
1858,James O'Shaughnessy,
1859,Jalen Richard,
1860,Collin Johnson,
1861,Deonte Harris,
1862,Adam Humphries,
1863,Jeremy McNichols,
1864,Isaiah Wright,
1865,Chad Beebe,
1866,Chad Hansen,
1867,Alfred Morris,8003
1868,Dontrelle Inman,
1869,Rodney Smith,
1870,Mohamed Sanu,8004
1871,Adam Shaheen,
1872,Jake Luton,
1873,Freddie Swain,
1874,Josh Adams,
1875,Tyler Johnson,
1876,Bryan Edwards,
1877,Jesse James,
1878,Olabisi Johnson,
1879,Darwin Thompson,
1880,KeeSean Johnson,
1881,Nick Boyle,
1882,Ryan Izzo,
1883,Tyler Ervin,
1884,Cameron Batson,
1885,Kaden Smith,
1886,Auden Tate,
1887,Mike Thomas,
1888,John Hightower,
1889,Christian Blake,
1890,Jace Sternberger,
1891,Jason Witten,8005
1892,Chad Henne,8002
1893,Patrick Laird,
1894,De'Michael Harris,
1895,Malcolm Perry,
1896,Troymaine Pope,
1897,DeAndre Washington,
1898,C.J. Board,
1899,Ryan Finley,
1900,Maxx Williams,
1901,Darrell Daniels,
1902,Troy Fumagalli,
1903,Stephen Anderson,
1904,Ryan Nall,
1905,Keith Smith,
1906,Matt Barkley,
1907,Antonio Williams,
1908,Malik Taylor,
1909,Ryan Griffin,
1910,Andre Roberts,
1911,Dez Bryant,8004
1912,J.J. Taylor,
1913,Garrett Gilbert,
1914,Jaydon Mickens,
1915,Pharoh Cooper,
1916,Austin Mack,
1917,Reggie Bonnafon,
1918,Diontae Spencer,
1919,Josh Hill,
1920,Chase Daniel,
1921,Gabe Nabers,
1922,T.J. Yeldon,
1923,Jakob Johnson,
1924,Tyrie Cleveland,
1925,Javon Wims,
1926,Lee Smith,
1927,C.J. Prosise,
1928,Robert Griffin III,8002
1929,Devine Ozigbo,
1930,K.J. Hill,
1931,Luke Stocker,
1932,JJ Arcega-Whiteside,
1933,Trenton Cannon,
1934,Ben DiNucci,8002
1935,Demetrius Harris,
1936,Joe Reed,
1937,Virgil Green,
1938,Ja'Marcus Bradley,
1939,Steven Mitchell,
1940,Nick Keizer,
1941,Darrius Shepherd,
1942,Deon Yelder,
1943,Buddy Howell,
1944,Cethan Carter,
1945,Damion Ratley,
1946,Logan Woodside,
1947,Michael Burton,
1948,Levine Toilolo,
1949,Devin Asiasi,
1950,Alexander Armah,
1951,Austin Carr,
1952,Ted Ginn Jr.,8004
1953,Taylor Gabriel,
1954,Tajae Sharpe,
1955,Kelvin Harmon,
1956,Eli Manning,8002
1957,Cody Latimer,
1958,Devlin Hodges,8002
1959,Jarius Wright,
1960,Bo Scarbrough,8003
1962,Seth Roberts,
1963,Jeremy Sprinkle,
1964,Mark Walton,
1965,Oakland Raiders,8006
1966,Ryquell Armstead,
1967,Vyncint Smith,
1968,Ricky Seals-Jones,
1969,Trey Quinn,
1970,Matt Moore,
1971,Bennie Fowler,
1972,Tavon Austin,
1973,Jaron Brown,
1974,Malik Turner,
1975,Bilal Powell,8003
1976,Chester Rogers,
1977,Zane Gonzalez,
1978,Josh Lambo,
1979,Justin Hardy,
1980,Matt Schaub,
1981,Rhett Ellison,
1982,Trevor Davis,
1983,Ben Watson,
1984,Randy Bullock,
1985,Duke Williams,
1986,Austin Seibert,
1987,Eddy Pineiro,
1988,Derek Carrier,
1989,Steven Hauschka,
1990,Matt LaCosse,
1991,Jeff Heuerman,
1992,Josh Rosen,
1993,Wendell Smallwood,
1994,Jaeden Graham,
1995,Nick O'Leary,
1996,Vernon Davis,
1997,Seth DeValve,
1998,Sam Ficken,
1999,Qadree Ollison,
2000,Trey Edmunds,
2001,Hale Hentges,
2002,Deon Cain,
2003,Devin Smith,
2004,Joshua Perkins,
2005,Aldrick Rosas,
2006,Kerrith Whyte,
2007,Tommy Sweeney,
2008,Darren Sproles,
2009,A.J. McCarron,8002
2010,Kenjon Barner,
2011,Brandon Zylstra,
2012,Jesper Horsted,
2013,Mike Badgley,
2014,Daniel Brown,
2015,Luke Falk,
2016,Damion Willis,
2017,Dan Vitale,
2018,Antonio Callaway,
2019,J.P. Holtz,
2020,Spencer Ware,
2021,Luke Willson,
2022,Marcell Ateman,
2023,Ben Braunecker,
2024,Jon Hilliman,
2025,Kai Forbath,
2026,Tra Carson,
2027,Stephen Carlson,
2028,Rico Gafford,
2029,Riley Ridley,
2030,Andy Janovich,
2031,Zach Line,
2032,Robert Foster,
2033,Wes Hills,
2034,Ryan Switzer,
2035,Andre Patton,
2036,Will Grier,
2037,T.J. Jones,
2038,J.J. Nelson,
2039,Patrick DiMarco,
2040,Tevin Jones,
2041,Clive Walford,
2042,DeAndrew White,
2043,Alfred Blue,
2044,LeGarrette Blount,8003
2045,Chris Ivory,
2046,Jacquizz Rodgers,
2047,Quincy Enunwa,
2048,Brock Osweiler,8002
2049,Jermaine Kearse,
2050,Ryan Grant,
2051,Antonio Gates,8005
2052,Maurice Harris,
2053,Kenneth Dixon,
2054,Jordan Matthews,
2055,Aldrick Robinson,
2056,Zach Zenner,
2057,Bruce Ellington,
2058,Jordan Thomas,
2059,Kapri Bibbs,
2060,Cody Kessler,
2061,Josh Johnson,
2062,Marcus Murphy,
2063,Jason Croom,
2064,Terrelle Pryor,
2065,Torrey Smith,
2066,Travis Benjamin,
2067,Lance Kendricks,
2068,Rod Smith,
2069,Chad Williams,
2070,Ed Dickson,
2071,Russell Shepard,
2072,Sebastian Janikowski,8099
2073,Deonte Thompson,
2074,Ryan Succop,
2075,Cody Core,
2076,Darius Jennings,
2077,James Develin,
2078,Brandon LaFell,
2079,Josh McCown,
2080,Josh Bellamy,
2081,Andre Holmes,
2082,Michael Roberts,
2083,Jordan Leggett,
2084,Brandon Marshall,8004
2085,Erik Swoope,
2086,Deontay Burnett,
2087,Dwayne Harris,
2088,Chandler Catanzaro,
2089,Michael Floyd,
2090,Austin Seferian-Jenkins,8005
2091,Nathan Peterman,8002
2092,Andy Jones,
2093,Taquan Mizzell,
2094,Anthony Sherman,
2095,Corey Grant,
2096,Garrett Celek,
2097,Logan Paulsen,
2098,Scott Simonson,
2099,Eli Rogers,
2100,Sam Bradford,8002
2101,Niles Paul,
2102,Corey Coleman,
2103,Stevan Ridley,
2104,Leonte Carroo,
2105,Cameron Artis-Payne,
2106,Derek Anderson,8002
2107,Jermaine Gresham,
2108,Elijhaa Penny,
2109,Jake Butt,
2110,Keith Ford,
2111,Brice Butler,
2112,T.J. Logan,
2113,Tommylee Lewis,
2114,Xavier Grimble,
2115,Bobo Wilson,
2116,David Grinnage,
2117,Antony Auclair,
2118,Rashad Greene,
2119,Kamar Aiken,
2120,A.J. Derby,
2121,DeShone Kizer,
2122,Jawill Davis,
2123,De'Anthony Thomas,
2124,Neal Sterling,
2125,Detrez Newsome,
2126,Tommy Bohanon,
2127,AJ Barner,
2128,Anthony Gould,
2129,Antwane Wells Jr.,
2130,Arian Smith,
2131,Ashton Jeanty,
2132,Audric Estime,
2133,Bhayshul Tuten,
2134,Blake Watson,
2135,Brevyn Spann-Ford,
2136,Bryce Oliver,
2137,Cade Stover,
2138,Caleb Lohner,
2139,Cam Skattebo,
2139,Cameron Skattebo,
2140,Cameron Ward,
2141,Casey Washington,
2142,Charlie Woerner,
2143,Chimere Dike,
2144,Colston Loveland,
2146,D.K. Metcalf,
2147,Damien Martinez,
2148,Dillon Gabriel,
2149,DJ Giddens,
2150,DJ Turner,
2151,Dominic Lovett,
2152,Donovan Edwards,
2153,Dont'e Thornton Jr.,
2154,Dylan Sampson,
2155,Elic Ayomanor,
2156,Elijah Arroyo,
2157,Gavin Bartholomew,
2158,Gunnar Helm,
2159,Harold Fannin Jr.,
2160,Isaac TeSlaa,
2161,Jack Bech,
2162,Jackson Hawes,
2163,Jacory Croskey-Merritt,
2164,Jalen Coker,
2165,Jalen Milroe,
2166,Jamari Thrash,
2167,Jarquez Hunter,
2168,Jaxson Dart,
2169,Jayden Higgins,
2170,Jaydon Blue,
2171,Jaylin Lane,
2172,Jaylin Noel,
2173,Jha'Quan Jackson,
2174,Jimmy Horn Jr.,
2175,Jo'Quavious Marks,
2176,Johnny Wilson,
2177,Jordan Whittington,
2178,Joshua Palmer,
2179,Joshua Simon,
2180,Kaden Prather,
2181,Kaleb Johnson,
2182,Kalel Mullings,
2183,KeAndre Lambert-Smith,
2184,Keilan Robinson,
2185,Kenny McIntosh,
2186,Kobe Hudson,
2187,Konata Mumpfield,
2188,Kyle Monangai,
2189,LaJohntay Wester,
2190,LeQuint Allen,
2190,LeQuint Allen Jr.,
2191,Luke Lachey,
2192,Luther Burden,
2192,Luther Burden,
2192,Luther Burden III,
2193,Mason Taylor,
2194,Mitchell Evans,
2195,Montrell Johnson Jr.,
2196,Nate Adkins,
2197,Nick Nash,
2198,Ollie Gordon,
2198,Ollie Gordon,
2198,Ollie Gordon II,
2199,Omarion Hampton,
2200,Oronde Gadsden,
2200,Oronde Gadsden,
2201,Pat Bryant,
2202,Phil Mafah,
2203,Quinshon Judkins,
2204,Raheim Sanders,
2205,Ricky White,
2206,RJ Harvey,
2207,Robbie Ouzts,
2208,Shedeur Sanders,
2209,Sincere McCormick,
2210,Tahj Brooks,
2211,Tai Felton,
2212,Tanner McLachlan,
2213,Terrance Ferguson,
2214,Tetairoa McMillan,
2215,Thomas Fidone,
2216,Tip Reiman,
2217,Tory Horton,
2218,Travis Hunter,
2219,Tre Harris,
2220,Trevor Etienne,
2221,Tyler Badie,
2222,Tyler Warren,
2223,Xavier Restrepo,
2224,Thomas Fidone,
2224,Thomas Fidone II,
2225,Devin Neal,
2226,Emeka Egbuka,
2227,Jake Bates,
2228,Jordan James,
2229,Kyle Williams,
2230,Matthew Golden,
2231,TreVeyon Henderson,
2232,Tyler Loop,
2233,Tyler Shough,
2234,Woody Marks,
2235,Anthony Landphere,
2236,Anthony Torres,
2237,Baylor Cupp,
2238,Ben Yurosek,
2239,Bernhard Seikovits,
2240,Brashard Smith,
2241,Brayden Narveson,
2242,Brenden Bates,
2243,Bryson Nesbit,
2244,Bub Means,
2245,Caden Prieskorn,
2246,Cameron Latu,
2247,Carter Runyon,
2248,Chris Pierce,
2249,CJ Dippre,
2250,Cole Fotheringham,
2251,Dallin Holker,
2252,David Wells,
2253,Devin Culp,
2254,Dominique Dafney,
2255,Drake Dabney,
2256,E.J. Jenkins,
2257,Eli Wilson,
2258,Erick All Jr.,
2259,Gee Scott Jr.,
2260,Geor'Quarius Spivey,
2261,Hayden Rucci,
2262,Jack Westover,
2263,Jacob Cowing,
2264,Jake Briningstool,
2265,Jake Tonges,
2266,Jalen Royals,
2267,Jared Wiley,
2268,Jermaine Terry II,
2269,Jimmy Bell,
2270,JJ Galbreath,
2271,Joel Wilson,
2272,John Copenhaver,
2273,John FitzPatrick,
2274,John Samuel Shenker,
2275,John Stephens Jr.,
2276,Johnny Lumpkin,
2277,Jordan Murray,
2278,Jordan Petaia,
2279,Justin Shorter,
2280,Kayshon Boutte,
2281,Keleki Latu,
2282,Kevin Foelsch,
2283,Kole Taylor,
2284,Luke Deal,
2285,Marcus Yarns,
2286,Mark Redman,
2287,Marshall Lang,
2288,Max Mang,
2289,McCallan Castles,
2290,Messiah Swinson,
2291,Michael Jacobson,
2292,Mitch Van Vooren,
2293,Moliki Matavao,
2294,Neal Johnson,
2295,Nick Kallerup,
2296,Nick Muse,
2297,Nikola Kalinic,
2298,Oscar Cardenas,
2299,Pat Conroy,
2300,Patrick Herbert,
2301,Princeton Fant,
2302,Reggie Brown,
2303,Rivaldo Fairweather,
2304,Sal Cannella,
2305,Savion Williams,
2306,Seth Green,
2307,Shawn Bowman,
2308,Spencer Rattler,
2309,Spencer Shrader,
2310,Stevo Klotz,
2311,Tanner Taula,
2312,Thomas Odukoya,
2313,Travis Vokolek,
2314,Tre Watson,
2315,Treyton Welch,
2316,Tyler Neville,
2317,Tyree Jackson,
2318,Zach Davidson,
2319,Zach Horton,
2320,Zack Kuntz,
2321,Zaire Mitchell-Paden,
2322,Amar Johnson,
2323,Cam Little,
2324,Chad Ryland,
2325,Kye Robichaux,
2326,Matthew Wright,
2327,Will Reichard,
2328,A.J. Epenesa,
2329,A.J. Terrell,
2330,A'Shawn Robinson,
2331,Abdul Carter,
2332,Ahkello Witherspoon,
2333,Ahmad Gardner,
2334,Aidan Hutchinson,
2335,Akeem Davis-Gaither,
2336,Alex Anzalone,
2337,Alex Highsmith,
2338,Alex Singleton,
2339,Alim McNeill,
2340,Alohi Gilman,
2341,Alontae Taylor,
2342,Amani Hooker,
2343,Andre Cisco,
2344,Andres Borregales,
2345,Andrew Van Ginkel,
2346,Anfernee Jennings,
2347,Anthony Walker,
2348,Antoine Winfield Jr.,
2349,Ar'Darius Washington,
2350,Arden Key,
2351,Arik Armstead,
2352,Arnold Ebiketie,
2353,Ashton Gillotte,
2354,Ashtyn Davis,
2355,Azeez Al-Shaair,
2356,Azeez Ojulari,
2357,B.J. Hill,
2358,Baron Browning,
2359,Barrett Carter,
2360,Ben Sauls,
2361,BJ Ojulari,
2362,Blake Cashman,
2363,Bobby Okereke,
2364,Bobby Wagner,
2365,Boye Mafe,
2366,Braden Fiske,
2367,Bradley Chubb,
2368,Bralen Trice,
2369,Brandon Jones,
2370,Brandon Stephens,
2371,Brashard Smith,
2372,Brian Branch,
2373,Brian Burns,
2374,Bryan Bresee,
2375,Bryan Cook,
2376,Bryce Huff,
2377,Bub Means,
2378,Bud Dupree,
2379,Budda Baker,
2380,Byron Murphy,
2381,Byron Murphy,
2382,Byron Young,
2383,Calais Campbell,
2384,Calen Bullock,
2385,Calijah Kancey,
2386,Cam Little,
2387,Cam Taylor-Britt,
2388,Cameron Heyward,
2389,Cameron Jordan,
2390,Camryn Bynum,
2391,Carl Granderson,
2392,Carlton Davis,
2393,Carson Schwesinger,
2394,Carson Steele,
2395,Chad Ryland,
2396,Chamarri Conner,
2397,Charles Omenihu,
2398,Charvarius Ward,
2399,Chase Young,
2400,Chauncey Gardner-Johnson,
2401,Chidobe Awuzie,
2402,Chop Robinson,
2403,Chris Jones,
2404,Chris Paul Jr.,
2405,Christian Barmore,
2406,Christian Benford,
2407,Christian Gonzalez,
2408,Christian Harris,
2409,Christian Wilkins,
2410,Christopher Brooks,
2411,Coby Bryant,
2412,Cody Barton,
2413,Cody Simon,
2414,Cole Bishop,
2415,Cole Holcomb,
2416,Cooper DeJean,
2417,D.J. Reader,
2418,D.J. Reed,
2419,D.J. Wonnum,
2420,Da'Shawn Hand,
2421,Daiyan Henley,
2422,Dallas Turner,
2423,Dallin Holker,
2424,Dalvin Tomlinson,
2425,Damar Hamlin,
2426,Danielle Hunter,
2427,Danny Stutsman,
2428,Dante Fowler,
2429,Darious Williams,
2430,Darius Robinson,
2431,Darius Slay,
2432,Darnell Savage,
2433,DaRon Bland,
2434,Daron Payne,
2435,David Onyemata,
2436,David Walker,
2437,Daxton Hill,
2438,Dayo Odeyingbo,
2439,Deatrich Wise,
2440,Dee Winters,
2441,DeForest Buckner,
2442,Demani Richardson,
2443,DeMarcus Lawrence,
2444,Demario Davis,
2445,DeMarvion Overshown,
2446,Demetrius Knight Jr.,
2447,Denico Autry,
2448,Denzel Ward,
2449,Deommodore Lenoir,
2450,Deonte Banks,
2451,Derek Stingley,
2452,Derick Hall,
2453,Derrick Barnes,
2454,Derrick Brown,
2455,Derrick Harmon,
2456,Derwin James,
2457,DeShon Elliott,
2458,Devin Culp,
2459,Devin Lloyd,
2460,Devin Neal,
2461,Devin White,
2462,Devon Witherspoon,
2463,Devonte Wyatt,
2464,Dexter Lawrence,
2465,Divine Deablo,
2466,DJ Turner,
2467,Donovan Ezeiruaku,
2468,Donovan Wilson,
2469,Donte Jackson,
2470,Dorance Armstrong,
2471,Dorian Williams,
2472,Dre Greenlaw,
2473,Dre'mont Jones,
2474,Drue Tranquill,
2475,E.J. Speed,
2476,Ed Oliver,
2477,Edgerrin Cooper,
2478,Elandon Roberts,
2479,Elijah Molden,
2480,Elijhah Badger,
2481,Emeka Egbuka,
2482,Ennis Rakestraw Jr.,
2483,Eric Murray,
2484,Ernest Jones,
2485,Evan Williams,
2486,Felix Anudike-Uzomah,
2487,Foyesade Oluokun,
2488,Frankie Luvu,
2489,Fred Warner,
2490,Garrett Williams,
2491,Geno Stone,
2492,George Karlaftis,
2493,Germaine Pratt,
2494,Gervon Dexter,
2495,Grady Jarrett,
2496,Grant Delpit,
2497,Greg Newsome,
2498,Gregory Rousseau,
2499,Haason Reddick,
2500,Harold Landry,
2501,Harrison Mevis,
2502,Harrison Phillips,
2503,Harrison Smith,
2504,Henry To'oto'o,
2505,Ifeatu Melifonwu,
2506,Isaiah Bond,
2507,Ivan Pace Jr.,
2508,Ja'Quan McMillian,
2509,Ja'Whaun Bentley,
2510,Jabrill Peppers,
2511,Jack Campbell,
2512,Jack Sanborn,
2513,Jack Sawyer,
2514,Jacob Cowing,
2515,Jadeveon Clowney,
2516,Jaelan Phillips,
2517,Jahdae Barron,
2518,Jaheim Bell,
2519,Jahlani Tavai,
2520,Jaire Alexander,
2521,Jake Bates,
2522,Jake Briningstool,
2523,Jakorian Bennett,
2524,Jalen Carter,
2525,Jalen Pitre,
2526,Jalen Ramsey,
2527,Jalen Royals,
2528,Jalen Thompson,
2529,Jalon Walker,
2530,Jalyx Hunt,
2531,Jamel Dean,
2532,James Pearce,
2533,Jamien Sherwood,
2534,Jaquan Brisker,
2535,Jared Verse,
2536,Jared Wiley,
2537,Jarran Reed,
2538,Jartavius Martin,
2539,Jarvis Brownlee Jr.,
2540,Javon Bullard,
2541,Javon Hargrave,
2542,Javon Kinlaw,
2543,Jaycee Horn,
2544,Jaylen Watson,
2545,Jaylon Carlies,
2546,Jaylon Johnson,
2547,Jaylon Jones,
2548,JD Bertrand,
2549,Jeffery Simmons,
2550,Jer'Zhan Newton,
2551,Jeremiah Owusu-Koramoah,
2552,Jeremy Chinn,
2553,Jermaine Johnson,
2554,Jessie Bates,
2555,Jevon Holland,
2556,Ji'ayir Brown,
2557,Jihaad Campbell,
2558,Jimmie Ward,
2559,Joey Bosa,
2560,Joey Porter Jr.,
2561,John Parker Romo,
2562,Jonathan Allen,
2563,Jonathan Greenard,
2564,Jonathan Jones,
2565,Jonathan Owens,
2566,Jonathon Cooper,
2567,Jordan Battle,
2568,Jordan Burch,
2569,Jordan Davis,
2570,Jordan Fuller,
2571,Jordan Hicks,
2572,Jordan James,
2573,Jordan Mims,
2574,Jordan Watkins,
2575,Jordyn Brooks,
2576,Joseph Ossai,
2577,Josey Jewell,
2578,Josh Hines-Allen,
2579,Josh Metellus,
2580,Josh Paschal,
2581,Josh Sweat,
2582,Jourdan Lewis,
2583,JT Tuimoloau,
2584,Julian Love,
2585,Julius Brents,
2586,Junior Colson,
2587,Justin Madubuike,
2588,Justin Reid,
2589,Justin Strnad,
2590,Kaden Elliss,
2591,Kader Kohou,
2592,Kamari Lassiter,
2593,Kamren Curl,
2594,Kamren Kinchens,
2595,Karl Brooks,
2596,Kayshon Boutte,
2597,Kayvon Thibodeaux,
2598,Keeanu Benton,
2599,Keion White,
2600,Keisean Nixon,
2601,Kelee Ringo,
2602,Kendall Fuller,
2603,Kenneth Grant,
2604,Kenneth Murray,
2605,Kenny Clark,
2606,Kenny Moore,
2607,Kerby Joseph,
2608,Kevin Austin Jr.,
2609,Kevin Byard,
2610,Khalil Mack,
2611,Kobie Turner,
2612,Kool-Aid McKinstry,
2613,Kristian Fulton,
2614,Kwity Paye,
2615,Kyle Dugger,
2616,Kyle Hamilton,
2617,Kyle Van Noy,
2618,Kyle Williams,
2619,Kyler Gordon,
2620,L'Jarius Sneed,
2621,Laiatu Latu,
2622,Landon Jackson,
2623,Larry Ogunjobi,
2624,Lavonte David,
2625,Leo Chenal,
2626,Leonard Floyd,
2627,Leonard Williams,
2628,Logan Wilson,
2629,Lukas Van Ness,
2630,Mack Wilson,
2631,Malaki Starks,
2632,Malcolm Koonce,
2633,Malik Harrison,
2634,Malik Hooker,
2635,Marcus Jones,
2636,Marcus Yarns,
2637,Marist Liufau,
2638,Marlon Humphrey,
2639,Marshawn Kneeland,
2640,Marshon Lattimore,
2641,Marte Mapu,
2642,Martin Emerson,
2643,Mason Graham,
2644,Mason Tipton,
2645,Matt Milano,
2646,Matthew Golden,
2647,Matthew Wright,
2648,Max Melton,
2649,Maxwell Hairston,
2650,Maxx Crosby,
2651,Micah McFadden,
2652,Micah Parsons,
2653,Michael Carter,
2654,Michael Danna,
2655,Michael Hall Jr.,
2656,Michael Hoecht,
2657,Michael Jackson,
2658,Micheal Clemons,
2659,Mike Green,
2660,Mike Hughes,
2661,Mike Sainristil,
2662,Milton Williams,
2663,Minkah Fitzpatrick,
2664,Moliki Matavao,
2665,Montez Sweat,
2666,Mykel Williams,
2667,Myles Garrett,
2668,Myles Murphy,
2669,Nakobe Dean,
2670,Nate Hobbs,
2671,Nate Wiggins,
2672,Nic Scourton,
2673,Nick Bolton,
2674,Nick Bosa,
2675,Nick Cross,
2676,Nick Emmanwori,
2677,Nick Herbig,
2678,Nick Martin,
2679,Nik Bonitto,
2680,Nolan Smith,
2681,Odafe Oweh,
2682,Ogbonnia Okoronkwo,
2683,Oluwafemi Oladejo,
2684,Omar Speights,
2685,Osa Odighizuwa,
2686,Patrick Queen,
2687,Patrick Surtain,
2688,Paulson Adebo,
2689,Payton Wilson,
2690,Pete Werner,
2691,Princely Umanmielen,
2692,Quay Walker,
2693,Quentin Lake,
2694,Quincy Williams,
2695,Quinnen Williams,
2696,Quinyon Mitchell,
2697,Rashan Gary,
2698,Reed Blankenship,
2699,Renardo Green,
2700,Richie Grant,
2701,Riley Moss,
2702,Robert Spillane,
2703,Roger McCreary,
2704,Roquan Smith,
2705,Ruke Orhorhoro,
2706,Ryan Fitzgerald,
2707,Ryan Miller,
2708,Sam Williams,
2709,Savion Williams,
2710,Shemar Stewart,
2711,Sirvocea Dennis,
2712,Spencer Rattler,
2713,Spencer Shrader,
2714,Starling Thomas,
2715,T.J. Edwards,
2716,T.J. Slaton,
2717,T.J. Watt,
2718,T'Vondre Sweat,
2719,Talanoa Hufanga,
2720,Tarheeb Still,
2721,Tariq Woolen,
2722,Taron Johnson,
2723,Tavius Robinson,
2724,Taylor Rapp,
2725,Teddye Buchanan,
2726,Terrel Bernard,
2727,Terrion Arnold,
2728,Tez Johnson,
2729,Theo Jackson,
2730,Tim Settle,
2731,Tony Adams,
2732,Travon Walker,
2733,Tremaine Edmunds,
2734,Trent McDuffie,
2735,Trenton Simpson,
2736,TreVeyon Henderson,
2737,Trevin Wallace,
2738,Trevon Diggs,
2739,Trevon Moehrig,
2740,Trey Hendrickson,
2741,Troy Andersen,
2742,Troy Dye,
2743,Troy Reeder,
2744,Tuli Tuipulotu,
2745,Tykee Smith,
2746,Tyleik Williams,
2747,Tyler Loop,
2748,Tyler Nubin,
2749,Tyler Shough,
2750,Tyrann Mathieu,
2751,Tyree Wilson,
2752,Tyrel Dodson,
2753,Tyrice Knight,
2754,Tyrique Stevenson,
2755,Tyson Campbell,
2756,Uchenna Nwosu,
2757,Vita Vea,
2758,Von Miller,
2759,Walter Nolen,
2760,Will Anderson Jr.,
2761,Will Harris,
2762,Will McDonald,
2763,Will Reichard,
2764,Xavier McKinney,
2765,Xavier Woods,
2766,Yaya Diaby,
2767,Yetur Gross-Matos,
2768,Za'Darius Smith,
2769,Zach Allen,
2770,Zach Harrison,
2771,Zach Sieler,
2772,Zack Baun,
2773,Zaire Franklin,
2774,Zaven Collins,
2775,Zyon McCollum,
1524,Los Vegas Raiders,
2776,Tylan Wallace,
2777,Erick All,
2778,Tanner McKee,
2779,Jake Haener,
2780,Joe Milton,
2781,Kevin Austin,
2782,Simi Fehoko,
2783,Kenny Yeboah,
2784,Hunter Long,
2785,Tyrell Shavers,
2786,Nikko Remigio,
2787,Tucker Fisk,
2788,Tay Martin,
2789,Sione Vaki,
2790,Hendon Hooker,
2791,Dee Eskridge,
2792,Xavier Smith,
2793,Kyle Trask,
2794,Cam Grandy,
2795,Kristian Wilkerson,
2796,Blake Whiteheart,
2797,Dan Chisena,
2798,Cody White,
